method,r@1,r@5,r@10,ndcg@1,ndcg@5,ndcg@10,count
traditional,18.9143,38.3038,47.6731,0.395618,0.407535,0.430732,14514
