{
  "dataset": "vidore/vidore_v3_computer_science",
  "split": "test",
  "language": "english",
  "pipeline_type": null,
  "module_path": "pipeline_implementations/nemotron_embed_and_rerank_vl_v2.py",
  "class_name": "NemotronEmbedRerankVLPipeline",
  "pipeline_args": {
    "batch_size": 32,
    "ranker_batch_size": 25,
    "top_k": 25,
    "modality": "image_text"
  },
  "aggregated_metrics": {
    "overall": {
      "map": 0.6918540698063885,
      "recip_rank": 0.903601127554616,
      "P_1": 0.8418604651162791,
      "P_5": 0.4893023255813956,
      "P_10": 0.3320930232558142,
      "P_20": 0.19325581395348831,
      "recall_1": 0.31355492053166506,
      "recall_5": 0.6638572151362847,
      "recall_10": 0.7959948191343538,
      "recall_20": 0.8673150234778141,
      "recall_50": 0.8774439901184087,
      "recall_100": 0.8774439901184087,
      "ndcg_cut_1": 0.786046511627907,
      "ndcg_cut_5": 0.7582091638591949,
      "ndcg_cut_10": 0.7804829522480712,
      "ndcg_cut_20": 0.8023420923039404,
      "ndcg_cut_100": 0.8068250494695228,
      "map_cut_1": 0.31355492053166506,
      "map_cut_10": 0.6600571716591928,
      "map_cut_100": 0.6918540698063885
    },
    "by_language": {
      "english": {
        "map": 0.6918540698063885,
        "recip_rank": 0.903601127554616,
        "P_1": 0.8418604651162791,
        "P_5": 0.4893023255813956,
        "P_10": 0.3320930232558142,
        "P_20": 0.19325581395348831,
        "recall_1": 0.31355492053166506,
        "recall_5": 0.6638572151362847,
        "recall_10": 0.7959948191343538,
        "recall_20": 0.8673150234778141,
        "recall_50": 0.8774439901184087,
        "recall_100": 0.8774439901184087,
        "ndcg_cut_1": 0.786046511627907,
        "ndcg_cut_5": 0.7582091638591949,
        "ndcg_cut_10": 0.7804829522480712,
        "ndcg_cut_20": 0.8023420923039404,
        "ndcg_cut_100": 0.8068250494695228,
        "map_cut_1": 0.31355492053166506,
        "map_cut_10": 0.6600571716591928,
        "map_cut_100": 0.6918540698063885,
        "num_queries": 215
      }
    },
    "timing": {
      "total_retrieval_time_milliseconds": 1305613.075017929,
      "indexing_time_milliseconds": 252881.769657135,
      "search_time_milliseconds": 1052731.305360794,
      "num_queries": 215,
      "num_corpus": 1360,
      "indexing_throughput_ms_per_doc": 185.94247768906985,
      "search_throughput_ms_per_query": 4896.424676096716
    },
    "infos": {
      "query_embed_time_ms": 349.4224548339844,
      "retrieval_time_ms": 331.8212032318115,
      "rerank_time_ms": 1052049.8626232147,
      "total_search_time_ms": 1052731.117963791,
      "retriever_model": "nvidia/llama-nemotron-embed-vl-1b-v2",
      "reranker_model": "nvidia/llama-nemotron-rerank-vl-1b-v2",
      "modality": "image_text",
      "device": "cuda",
      "embedding_batch_size": 32,
      "rerank_batch_size": 25,
      "retriever_top_k": 25
    }
  }
}