{
  "dataset": "vidore/vidore_v3_finance_en",
  "split": "test",
  "language": "english",
  "pipeline_type": null,
  "module_path": "pipeline_implementations/nemotron_embed_and_rerank_vl_v2.py",
  "class_name": "NemotronEmbedRerankVLPipeline",
  "pipeline_args": {
    "batch_size": 32,
    "ranker_batch_size": 25,
    "top_k": 25,
    "modality": "image_text"
  },
  "aggregated_metrics": {
    "overall": {
      "map": 0.6261418373762098,
      "recip_rank": 0.8248203253057623,
      "P_1": 0.7411003236245954,
      "P_5": 0.40453074433657016,
      "P_10": 0.26181229773462783,
      "P_20": 0.15048543689320382,
      "recall_1": 0.34721156868831893,
      "recall_5": 0.6539797616843063,
      "recall_10": 0.7480912063101187,
      "recall_20": 0.7965923161716544,
      "recall_50": 0.8006130104550556,
      "recall_100": 0.8006130104550556,
      "ndcg_cut_1": 0.7055016181229773,
      "ndcg_cut_5": 0.7030066793312117,
      "ndcg_cut_10": 0.7180183049991301,
      "ndcg_cut_20": 0.7306082893591574,
      "ndcg_cut_100": 0.7324064626011529,
      "map_cut_1": 0.34721156868831893,
      "map_cut_10": 0.6090368743467879,
      "map_cut_100": 0.6261418373762098
    },
    "by_language": {
      "english": {
        "map": 0.6261418373762098,
        "recip_rank": 0.8248203253057623,
        "P_1": 0.7411003236245954,
        "P_5": 0.40453074433657016,
        "P_10": 0.26181229773462783,
        "P_20": 0.15048543689320382,
        "recall_1": 0.34721156868831893,
        "recall_5": 0.6539797616843063,
        "recall_10": 0.7480912063101187,
        "recall_20": 0.7965923161716544,
        "recall_50": 0.8006130104550556,
        "recall_100": 0.8006130104550556,
        "ndcg_cut_1": 0.7055016181229773,
        "ndcg_cut_5": 0.7030066793312117,
        "ndcg_cut_10": 0.7180183049991301,
        "ndcg_cut_20": 0.7306082893591574,
        "ndcg_cut_100": 0.7324064626011529,
        "map_cut_1": 0.34721156868831893,
        "map_cut_10": 0.6090368743467879,
        "map_cut_100": 0.6261418373762098,
        "num_queries": 309
      }
    },
    "timing": {
      "total_retrieval_time_milliseconds": 2446683.397293091,
      "indexing_time_milliseconds": 645039.5205020905,
      "search_time_milliseconds": 1801643.8767910004,
      "num_queries": 309,
      "num_corpus": 2942,
      "indexing_throughput_ms_per_doc": 219.2520463977194,
      "search_throughput_ms_per_query": 5830.5627080614895
    },
    "infos": {
      "query_embed_time_ms": 411.27467155456543,
      "retrieval_time_ms": 1008.4884166717529,
      "rerank_time_ms": 1800222.9845523834,
      "total_search_time_ms": 1801642.7869796753,
      "retriever_model": "nvidia/llama-nemotron-embed-vl-1b-v2",
      "reranker_model": "nvidia/llama-nemotron-rerank-vl-1b-v2",
      "modality": "image_text",
      "device": "cuda",
      "embedding_batch_size": 32,
      "rerank_batch_size": 25,
      "retriever_top_k": 25
    }
  }
}