{
  "dataset": "vidore/vidore_v3_industrial",
  "split": "test",
  "language": "english",
  "pipeline_type": null,
  "module_path": "pipeline_implementations/nemotron_embed_and_rerank_vl_v2.py",
  "class_name": "NemotronEmbedRerankVLPipeline",
  "pipeline_args": {
    "batch_size": 32,
    "ranker_batch_size": 25,
    "top_k": 25,
    "modality": "image_text"
  },
  "aggregated_metrics": {
    "overall": {
      "map": 0.4775371553550667,
      "recip_rank": 0.6894044002306046,
      "P_1": 0.6007067137809188,
      "P_5": 0.27561837455830435,
      "P_10": 0.1833922261484102,
      "P_20": 0.11360424028268566,
      "recall_1": 0.3063995437228653,
      "recall_5": 0.49723660623965615,
      "recall_10": 0.5671578421822608,
      "recall_20": 0.6343433779163219,
      "recall_50": 0.6508528857529969,
      "recall_100": 0.6508528857529969,
      "ndcg_cut_1": 0.588339222614841,
      "ndcg_cut_5": 0.5578276852701223,
      "ndcg_cut_10": 0.5650578555660101,
      "ndcg_cut_20": 0.5822933780102449,
      "ndcg_cut_100": 0.58720587769832,
      "map_cut_1": 0.3063995437228653,
      "map_cut_10": 0.45873181121841594,
      "map_cut_100": 0.4775371553550667
    },
    "by_language": {
      "english": {
        "map": 0.4775371553550667,
        "recip_rank": 0.6894044002306046,
        "P_1": 0.6007067137809188,
        "P_5": 0.27561837455830435,
        "P_10": 0.1833922261484102,
        "P_20": 0.11360424028268566,
        "recall_1": 0.3063995437228653,
        "recall_5": 0.49723660623965615,
        "recall_10": 0.5671578421822608,
        "recall_20": 0.6343433779163219,
        "recall_50": 0.6508528857529969,
        "recall_100": 0.6508528857529969,
        "ndcg_cut_1": 0.588339222614841,
        "ndcg_cut_5": 0.5578276852701223,
        "ndcg_cut_10": 0.5650578555660101,
        "ndcg_cut_20": 0.5822933780102449,
        "ndcg_cut_100": 0.58720587769832,
        "map_cut_1": 0.3063995437228653,
        "map_cut_10": 0.45873181121841594,
        "map_cut_100": 0.4775371553550667,
        "num_queries": 283
      }
    },
    "timing": {
      "total_retrieval_time_milliseconds": 2399974.0011692047,
      "indexing_time_milliseconds": 1026355.7906150818,
      "search_time_milliseconds": 1373618.210554123,
      "num_queries": 283,
      "num_corpus": 5244,
      "indexing_throughput_ms_per_doc": 195.7200210936464,
      "search_throughput_ms_per_query": 4853.774595597608
    },
    "infos": {
      "query_embed_time_ms": 325.8655071258545,
      "retrieval_time_ms": 1627.882957458496,
      "rerank_time_ms": 1371664.0241146088,
      "total_search_time_ms": 1373617.7895069122,
      "retriever_model": "nvidia/llama-nemotron-embed-vl-1b-v2",
      "reranker_model": "nvidia/llama-nemotron-rerank-vl-1b-v2",
      "modality": "image_text",
      "device": "cuda",
      "embedding_batch_size": 32,
      "rerank_batch_size": 25,
      "retriever_top_k": 25
    }
  }
}