{
  "dataset": "vidore/vidore_v3_physics",
  "split": "test",
  "language": "english",
  "pipeline_type": null,
  "module_path": "pipeline_implementations/nemotron_embed_and_rerank_vl_v2.py",
  "class_name": "NemotronEmbedRerankVLPipeline",
  "pipeline_args": {
    "batch_size": 32,
    "ranker_batch_size": 25,
    "top_k": 25,
    "modality": "image_text"
  },
  "aggregated_metrics": {
    "overall": {
      "map": 0.37914612538610465,
      "recip_rank": 0.6375638168849833,
      "P_1": 0.4867549668874172,
      "P_5": 0.3086092715231794,
      "P_10": 0.24536423841059615,
      "P_20": 0.17698675496688732,
      "recall_1": 0.16607822166209912,
      "recall_5": 0.3829391994241867,
      "recall_10": 0.5096154629226151,
      "recall_20": 0.6341103719949766,
      "recall_50": 0.6561576895789114,
      "recall_100": 0.6561576895789114,
      "ndcg_cut_1": 0.445364238410596,
      "ndcg_cut_5": 0.45695353903230523,
      "ndcg_cut_10": 0.4852360557398223,
      "ndcg_cut_20": 0.5237696396025884,
      "ndcg_cut_100": 0.5319678295230841,
      "map_cut_1": 0.16607822166209912,
      "map_cut_10": 0.3358999863209133,
      "map_cut_100": 0.37914612538610465
    },
    "by_language": {
      "english": {
        "map": 0.37914612538610465,
        "recip_rank": 0.6375638168849833,
        "P_1": 0.4867549668874172,
        "P_5": 0.3086092715231794,
        "P_10": 0.24536423841059615,
        "P_20": 0.17698675496688732,
        "recall_1": 0.16607822166209912,
        "recall_5": 0.3829391994241867,
        "recall_10": 0.5096154629226151,
        "recall_20": 0.6341103719949766,
        "recall_50": 0.6561576895789114,
        "recall_100": 0.6561576895789114,
        "ndcg_cut_1": 0.445364238410596,
        "ndcg_cut_5": 0.45695353903230523,
        "ndcg_cut_10": 0.4852360557398223,
        "ndcg_cut_20": 0.5237696396025884,
        "ndcg_cut_100": 0.5319678295230841,
        "map_cut_1": 0.16607822166209912,
        "map_cut_10": 0.3358999863209133,
        "map_cut_100": 0.37914612538610465,
        "num_queries": 302
      }
    },
    "timing": {
      "total_retrieval_time_milliseconds": 2982672.637462616,
      "indexing_time_milliseconds": 499339.25795555115,
      "search_time_milliseconds": 2483333.379507065,
      "num_queries": 302,
      "num_corpus": 1674,
      "indexing_throughput_ms_per_doc": 298.2910740475216,
      "search_throughput_ms_per_query": 8222.958210288294
    },
    "infos": {
      "query_embed_time_ms": 408.45465660095215,
      "retrieval_time_ms": 583.7762355804443,
      "rerank_time_ms": 2482340.885400772,
      "total_search_time_ms": 2483333.131790161,
      "retriever_model": "nvidia/llama-nemotron-embed-vl-1b-v2",
      "reranker_model": "nvidia/llama-nemotron-rerank-vl-1b-v2",
      "modality": "image_text",
      "device": "cuda",
      "embedding_batch_size": 32,
      "rerank_batch_size": 25,
      "retriever_top_k": 25
    }
  }
}