{
  "dataset": "vidore/vidore_v3_finance_fr",
  "split": "test",
  "language": "english",
  "pipeline_type": null,
  "module_path": "pipeline_implementations/nemotron_embed_and_rerank_vl_v2.py",
  "class_name": "NemotronEmbedRerankVLPipeline",
  "pipeline_args": {
    "batch_size": 32,
    "ranker_batch_size": 25,
    "top_k": 25,
    "modality": "image_text"
  },
  "aggregated_metrics": {
    "overall": {
      "map": 0.34049118416645296,
      "recip_rank": 0.5227439180858056,
      "P_1": 0.403125,
      "P_5": 0.21625000000000064,
      "P_10": 0.1559375000000004,
      "P_20": 0.09359375000000025,
      "recall_1": 0.19234069443628277,
      "recall_5": 0.3856031132523699,
      "recall_10": 0.4940831705214898,
      "recall_20": 0.5502345858176295,
      "recall_50": 0.5566798983176297,
      "recall_100": 0.5566798983176297,
      "ndcg_cut_1": 0.3875,
      "ndcg_cut_5": 0.3952151391650879,
      "ndcg_cut_10": 0.4279096836506949,
      "ndcg_cut_20": 0.4465602523921948,
      "ndcg_cut_100": 0.4485799306876208,
      "map_cut_1": 0.19234069443628277,
      "map_cut_10": 0.3274037735171743,
      "map_cut_100": 0.34049118416645296
    },
    "by_language": {
      "english": {
        "map": 0.34049118416645296,
        "recip_rank": 0.5227439180858056,
        "P_1": 0.403125,
        "P_5": 0.21625000000000064,
        "P_10": 0.1559375000000004,
        "P_20": 0.09359375000000025,
        "recall_1": 0.19234069443628277,
        "recall_5": 0.3856031132523699,
        "recall_10": 0.4940831705214898,
        "recall_20": 0.5502345858176295,
        "recall_50": 0.5566798983176297,
        "recall_100": 0.5566798983176297,
        "ndcg_cut_1": 0.3875,
        "ndcg_cut_5": 0.3952151391650879,
        "ndcg_cut_10": 0.4279096836506949,
        "ndcg_cut_20": 0.4465602523921948,
        "ndcg_cut_100": 0.4485799306876208,
        "map_cut_1": 0.19234069443628277,
        "map_cut_10": 0.3274037735171743,
        "map_cut_100": 0.34049118416645296,
        "num_queries": 320
      }
    },
    "timing": {
      "total_retrieval_time_milliseconds": 2883240.1542663574,
      "indexing_time_milliseconds": 575414.055109024,
      "search_time_milliseconds": 2307826.0991573334,
      "num_queries": 320,
      "num_corpus": 2384,
      "indexing_throughput_ms_per_doc": 241.3649560021074,
      "search_throughput_ms_per_query": 7211.956559866667
    },
    "infos": {
      "query_embed_time_ms": 459.0761661529541,
      "retrieval_time_ms": 860.1787090301514,
      "rerank_time_ms": 2306506.5762996674,
      "total_search_time_ms": 2307825.8442878723,
      "retriever_model": "nvidia/llama-nemotron-embed-vl-1b-v2",
      "reranker_model": "nvidia/llama-nemotron-rerank-vl-1b-v2",
      "modality": "image_text",
      "device": "cuda",
      "embedding_batch_size": 32,
      "rerank_batch_size": 25,
      "retriever_top_k": 25
    }
  }
}