{
  "dataset": "vidore/vidore_v3_energy",
  "split": "test",
  "language": "english",
  "pipeline_type": null,
  "module_path": "pipeline_implementations/nemotron_embed_and_rerank_vl_v2.py",
  "class_name": "NemotronEmbedRerankVLPipeline",
  "pipeline_args": {
    "batch_size": 32,
    "ranker_batch_size": 25,
    "top_k": 25,
    "modality": "image_text"
  },
  "aggregated_metrics": {
    "overall": {
      "map": 0.5526072903449056,
      "recip_rank": 0.7194082626163414,
      "P_1": 0.6038961038961039,
      "P_5": 0.27467532467532546,
      "P_10": 0.1756493506493511,
      "P_20": 0.10633116883116914,
      "recall_1": 0.3512852615979752,
      "recall_5": 0.6247985649072761,
      "recall_10": 0.7110416104631256,
      "recall_20": 0.779455582309832,
      "recall_50": 0.789064796525238,
      "recall_100": 0.789064796525238,
      "ndcg_cut_1": 0.5811688311688312,
      "ndcg_cut_5": 0.6179935838105132,
      "ndcg_cut_10": 0.640858332137788,
      "ndcg_cut_20": 0.6612792555725315,
      "ndcg_cut_100": 0.6644071309068224,
      "map_cut_1": 0.3512852615979752,
      "map_cut_10": 0.5354476119113284,
      "map_cut_100": 0.5526072903449056
    },
    "by_language": {
      "english": {
        "map": 0.5526072903449056,
        "recip_rank": 0.7194082626163414,
        "P_1": 0.6038961038961039,
        "P_5": 0.27467532467532546,
        "P_10": 0.1756493506493511,
        "P_20": 0.10633116883116914,
        "recall_1": 0.3512852615979752,
        "recall_5": 0.6247985649072761,
        "recall_10": 0.7110416104631256,
        "recall_20": 0.779455582309832,
        "recall_50": 0.789064796525238,
        "recall_100": 0.789064796525238,
        "ndcg_cut_1": 0.5811688311688312,
        "ndcg_cut_5": 0.6179935838105132,
        "ndcg_cut_10": 0.640858332137788,
        "ndcg_cut_20": 0.6612792555725315,
        "ndcg_cut_100": 0.6644071309068224,
        "map_cut_1": 0.3512852615979752,
        "map_cut_10": 0.5354476119113284,
        "map_cut_100": 0.5526072903449056,
        "num_queries": 308
      }
    },
    "timing": {
      "total_retrieval_time_milliseconds": 2045557.7142238617,
      "indexing_time_milliseconds": 451920.6039905548,
      "search_time_milliseconds": 1593637.110233307,
      "num_queries": 308,
      "num_corpus": 2225,
      "indexing_throughput_ms_per_doc": 203.1103838159797,
      "search_throughput_ms_per_query": 5174.146461796451
    },
    "infos": {
      "query_embed_time_ms": 402.4229049682617,
      "retrieval_time_ms": 777.7221202850342,
      "rerank_time_ms": 1592456.6638469696,
      "total_search_time_ms": 1593636.8279457092,
      "retriever_model": "nvidia/llama-nemotron-embed-vl-1b-v2",
      "reranker_model": "nvidia/llama-nemotron-rerank-vl-1b-v2",
      "modality": "image_text",
      "device": "cuda",
      "embedding_batch_size": 32,
      "rerank_batch_size": 25,
      "retriever_top_k": 25
    }
  }
}