{
  "dataset": "vidore/vidore_v3_hr",
  "split": "test",
  "language": "english",
  "pipeline_type": null,
  "module_path": "pipeline_implementations/nemotron_embed_and_rerank_vl_v2.py",
  "class_name": "NemotronEmbedRerankVLPipeline",
  "pipeline_args": {
    "batch_size": 32,
    "ranker_batch_size": 25,
    "top_k": 25,
    "modality": "image_text"
  },
  "aggregated_metrics": {
    "overall": {
      "map": 0.5508131017626299,
      "recip_rank": 0.7705336763415507,
      "P_1": 0.6572327044025157,
      "P_5": 0.3729559748427684,
      "P_10": 0.2616352201257863,
      "P_20": 0.16839622641509414,
      "recall_1": 0.27889143736666955,
      "recall_5": 0.5684429280511343,
      "recall_10": 0.6840491719871546,
      "recall_20": 0.7791221199504522,
      "recall_50": 0.7919368932156022,
      "recall_100": 0.7919368932156022,
      "ndcg_cut_1": 0.6352201257861635,
      "ndcg_cut_5": 0.6354230012086514,
      "ndcg_cut_10": 0.6573470136490794,
      "ndcg_cut_20": 0.6807599318922415,
      "ndcg_cut_100": 0.6847128272805816,
      "map_cut_1": 0.27889143736666955,
      "map_cut_10": 0.5165340349277681,
      "map_cut_100": 0.5508131017626299
    },
    "by_language": {
      "english": {
        "map": 0.5508131017626299,
        "recip_rank": 0.7705336763415507,
        "P_1": 0.6572327044025157,
        "P_5": 0.3729559748427684,
        "P_10": 0.2616352201257863,
        "P_20": 0.16839622641509414,
        "recall_1": 0.27889143736666955,
        "recall_5": 0.5684429280511343,
        "recall_10": 0.6840491719871546,
        "recall_20": 0.7791221199504522,
        "recall_50": 0.7919368932156022,
        "recall_100": 0.7919368932156022,
        "ndcg_cut_1": 0.6352201257861635,
        "ndcg_cut_5": 0.6354230012086514,
        "ndcg_cut_10": 0.6573470136490794,
        "ndcg_cut_20": 0.6807599318922415,
        "ndcg_cut_100": 0.6847128272805816,
        "map_cut_1": 0.27889143736666955,
        "map_cut_10": 0.5165340349277681,
        "map_cut_100": 0.5508131017626299,
        "num_queries": 318
      }
    },
    "timing": {
      "total_retrieval_time_milliseconds": 2236161.4775657654,
      "indexing_time_milliseconds": 274342.4117565155,
      "search_time_milliseconds": 1961819.0658092499,
      "num_queries": 318,
      "num_corpus": 1110,
      "indexing_throughput_ms_per_doc": 247.1553259067707,
      "search_throughput_ms_per_query": 6169.242345312106
    },
    "infos": {
      "query_embed_time_ms": 521.7099189758301,
      "retrieval_time_ms": 457.12876319885254,
      "rerank_time_ms": 1960839.9105072021,
      "total_search_time_ms": 1961818.7906742096,
      "retriever_model": "nvidia/llama-nemotron-embed-vl-1b-v2",
      "reranker_model": "nvidia/llama-nemotron-rerank-vl-1b-v2",
      "modality": "image_text",
      "device": "cuda",
      "embedding_batch_size": 32,
      "rerank_batch_size": 25,
      "retriever_top_k": 25
    }
  }
}