{
  "dataset": "vidore/vidore_v3_hr",
  "split": "test",
  "language": "english",
  "pipeline_type": null,
  "module_path": "pipeline_implementations/nemotron_colembed_8b_v2.py",
  "class_name": "NemotronColEmbed8BPipeline",
  "pipeline_args": {
    "batch_size": 32,
    "top_k": 100
  },
  "aggregated_metrics": {
    "overall": {
      "map": 0.5979046257957453,
      "recip_rank": 0.7974801598803813,
      "P_1": 0.6855345911949685,
      "P_5": 0.39119496855346003,
      "P_10": 0.27169811320754716,
      "P_20": 0.17169811320754683,
      "recall_1": 0.2859311863006588,
      "recall_5": 0.5953441340347448,
      "recall_10": 0.7141914558722605,
      "recall_20": 0.7985159800270839,
      "recall_50": 0.9011360857915636,
      "recall_100": 0.9461647093269374,
      "ndcg_cut_1": 0.6509433962264151,
      "ndcg_cut_5": 0.6640974846418878,
      "ndcg_cut_10": 0.6840513267511462,
      "ndcg_cut_20": 0.70359328192564,
      "ndcg_cut_100": 0.7549563658761672,
      "map_cut_1": 0.2859311863006588,
      "map_cut_10": 0.5422027712974813,
      "map_cut_100": 0.5979046257957453
    },
    "by_language": {
      "english": {
        "map": 0.5979046257957453,
        "recip_rank": 0.7974801598803813,
        "P_1": 0.6855345911949685,
        "P_5": 0.39119496855346003,
        "P_10": 0.27169811320754716,
        "P_20": 0.17169811320754683,
        "recall_1": 0.2859311863006588,
        "recall_5": 0.5953441340347448,
        "recall_10": 0.7141914558722605,
        "recall_20": 0.7985159800270839,
        "recall_50": 0.9011360857915636,
        "recall_100": 0.9461647093269374,
        "ndcg_cut_1": 0.6509433962264151,
        "ndcg_cut_5": 0.6640974846418878,
        "ndcg_cut_10": 0.6840513267511462,
        "ndcg_cut_20": 0.70359328192564,
        "ndcg_cut_100": 0.7549563658761672,
        "map_cut_1": 0.2859311863006588,
        "map_cut_10": 0.5422027712974813,
        "map_cut_100": 0.5979046257957453,
        "num_queries": 318
      }
    },
    "timing": {
      "total_retrieval_time_milliseconds": 856507.5769424438,
      "indexing_time_milliseconds": 491975.62313079834,
      "search_time_milliseconds": 364531.9538116455,
      "num_queries": 318,
      "num_corpus": 1110,
      "indexing_throughput_ms_per_doc": 443.2212820998183,
      "search_throughput_ms_per_query": 1146.3268987787594
    },
    "infos": {
      "query_embed_time_ms": 7402.937650680542,
      "retrieve_time_ms": 357128.3040046692,
      "total_search_time_ms": 364531.26096725464,
      "retriever_model": "nvidia/nemotron-colembed-vl-8b-v2",
      "device": "cuda",
      "batch_size": 32,
      "retriever_top_k": 100
    }
  }
}