{
  "dataset": "vidore/vidore_v3_energy",
  "split": "test",
  "language": "english",
  "pipeline_type": null,
  "module_path": "pipeline_implementations/nemotron_embed_vl_v2.py",
  "class_name": "NemotronEmbedVLPipeline",
  "pipeline_args": {
    "batch_size": 32,
    "top_k": 100,
    "modality": "image"
  },
  "aggregated_metrics": {
    "overall": {
      "map": 0.4291651728355977,
      "recip_rank": 0.5717611548089512,
      "P_1": 0.43506493506493504,
      "P_5": 0.21623376623376672,
      "P_10": 0.1451298701298706,
      "P_20": 0.09139610389610413,
      "recall_1": 0.23727963020789006,
      "recall_5": 0.5033605768632747,
      "recall_10": 0.6100490369202904,
      "recall_20": 0.6819077213055775,
      "recall_50": 0.8091803884656071,
      "recall_100": 0.8866836194367703,
      "ndcg_cut_1": 0.4074675324675325,
      "ndcg_cut_5": 0.473353606514845,
      "ndcg_cut_10": 0.504336865425584,
      "ndcg_cut_20": 0.5274235766248668,
      "ndcg_cut_100": 0.5811824556731489,
      "map_cut_1": 0.23727963020789006,
      "map_cut_10": 0.39813554658469064,
      "map_cut_100": 0.4291651728355977
    },
    "by_language": {
      "english": {
        "map": 0.4291651728355977,
        "recip_rank": 0.5717611548089512,
        "P_1": 0.43506493506493504,
        "P_5": 0.21623376623376672,
        "P_10": 0.1451298701298706,
        "P_20": 0.09139610389610413,
        "recall_1": 0.23727963020789006,
        "recall_5": 0.5033605768632747,
        "recall_10": 0.6100490369202904,
        "recall_20": 0.6819077213055775,
        "recall_50": 0.8091803884656071,
        "recall_100": 0.8866836194367703,
        "ndcg_cut_1": 0.4074675324675325,
        "ndcg_cut_5": 0.473353606514845,
        "ndcg_cut_10": 0.504336865425584,
        "ndcg_cut_20": 0.5274235766248668,
        "ndcg_cut_100": 0.5811824556731489,
        "map_cut_1": 0.23727963020789006,
        "map_cut_10": 0.39813554658469064,
        "map_cut_100": 0.4291651728355977,
        "num_queries": 308
      }
    },
    "timing": {
      "total_retrieval_time_milliseconds": 371225.39043426514,
      "indexing_time_milliseconds": 370070.0213909149,
      "search_time_milliseconds": 1155.3690433502197,
      "num_queries": 308,
      "num_corpus": 2225,
      "indexing_throughput_ms_per_doc": 166.3236051195123,
      "search_throughput_ms_per_query": 3.7511981926955187
    },
    "infos": {
      "query_embed_time_ms": 335.68668365478516,
      "retrieve_time_ms": 819.495439529419,
      "total_search_time_ms": 1155.350685119629,
      "retriever_model": "nvidia/llama-nemotron-embed-vl-1b-v2",
      "modality": "image",
      "device": "cuda",
      "batch_size": 32,
      "retriever_top_k": 100
    }
  }
}