{
  "dataset": "vidore/vidore_v3_finance_fr",
  "split": "test",
  "language": "english",
  "pipeline_type": null,
  "module_path": "pipeline_implementations/nemotron_embed_vl_v2.py",
  "class_name": "NemotronEmbedVLPipeline",
  "pipeline_args": {
    "batch_size": 32,
    "top_k": 100,
    "modality": "image"
  },
  "aggregated_metrics": {
    "overall": {
      "map": 0.22090020338889915,
      "recip_rank": 0.3540094262865411,
      "P_1": 0.21875,
      "P_5": 0.14312500000000022,
      "P_10": 0.10531250000000017,
      "P_20": 0.07390625000000021,
      "recall_1": 0.08962696158008655,
      "recall_5": 0.26062525992363356,
      "recall_10": 0.33837983890443535,
      "recall_20": 0.4399432306534524,
      "recall_50": 0.5939845292706616,
      "recall_100": 0.7076574478220002,
      "ndcg_cut_1": 0.2046875,
      "ndcg_cut_5": 0.2441662637368363,
      "ndcg_cut_10": 0.26924410816998606,
      "ndcg_cut_20": 0.30391262183376627,
      "ndcg_cut_100": 0.37630937603737913,
      "map_cut_1": 0.08962696158008655,
      "map_cut_10": 0.19122549259545638,
      "map_cut_100": 0.22090020338889915
    },
    "by_language": {
      "english": {
        "map": 0.22090020338889915,
        "recip_rank": 0.3540094262865411,
        "P_1": 0.21875,
        "P_5": 0.14312500000000022,
        "P_10": 0.10531250000000017,
        "P_20": 0.07390625000000021,
        "recall_1": 0.08962696158008655,
        "recall_5": 0.26062525992363356,
        "recall_10": 0.33837983890443535,
        "recall_20": 0.4399432306534524,
        "recall_50": 0.5939845292706616,
        "recall_100": 0.7076574478220002,
        "ndcg_cut_1": 0.2046875,
        "ndcg_cut_5": 0.2441662637368363,
        "ndcg_cut_10": 0.26924410816998606,
        "ndcg_cut_20": 0.30391262183376627,
        "ndcg_cut_100": 0.37630937603737913,
        "map_cut_1": 0.08962696158008655,
        "map_cut_10": 0.19122549259545638,
        "map_cut_100": 0.22090020338889915,
        "num_queries": 320
      }
    },
    "timing": {
      "total_retrieval_time_milliseconds": 386385.08796691895,
      "indexing_time_milliseconds": 385135.4339122772,
      "search_time_milliseconds": 1249.6540546417236,
      "num_queries": 320,
      "num_corpus": 2384,
      "indexing_throughput_ms_per_doc": 161.55009811756594,
      "search_throughput_ms_per_query": 3.9051689207553864
    },
    "infos": {
      "query_embed_time_ms": 349.5960235595703,
      "retrieve_time_ms": 899.8935222625732,
      "total_search_time_ms": 1249.6371269226074,
      "retriever_model": "nvidia/llama-nemotron-embed-vl-1b-v2",
      "modality": "image",
      "device": "cuda",
      "batch_size": 32,
      "retriever_top_k": 100
    }
  }
}