{
    "split": "test",
    "language": null,
    "pipeline_args": null,
    "info": "Those results were computed using MTEB's evaluation framework.",
    "aggregated_metrics": {
        "overall": {
            "map": 0.3966350566293443,
            "recip_rank": 0.5711818216142766,
            "P_1": 0.40066225165562913,
            "P_5": 0.28807947019867614,
            "P_10": 0.23642384105960285,
            "P_20": 0.1842715231788077,
            "recall_1": 0.14053699669396377,
            "recall_5": 0.35836612099067666,
            "recall_10": 0.49371071693783114,
            "recall_20": 0.6582757927367793,
            "recall_50": 0.8206664797515666,
            "recall_100": 0.8995107097701301,
            "ndcg_cut_1": 0.3708609271523179,
            "ndcg_cut_5": 0.410995496112445,
            "ndcg_cut_10": 0.449387540204288,
            "ndcg_cut_20": 0.5051359246287058,
            "ndcg_cut_100": 0.5895894275755188,
            "map_cut_1": 0.14053699669396377,
            "map_cut_10": 0.30493057249947264,
            "map_cut_100": 0.39185920403737506,
            "num_queries": 302
        },
        "by_language": {
            "english": {
                "map": 0.3966350566293443,
                "recip_rank": 0.5711818216142766,
                "P_1": 0.40066225165562913,
                "P_5": 0.28807947019867614,
                "P_10": 0.23642384105960285,
                "P_20": 0.1842715231788077,
                "recall_1": 0.14053699669396377,
                "recall_5": 0.35836612099067666,
                "recall_10": 0.49371071693783114,
                "recall_20": 0.6582757927367793,
                "recall_50": 0.8206664797515666,
                "recall_100": 0.8995107097701301,
                "ndcg_cut_1": 0.3708609271523179,
                "ndcg_cut_5": 0.410995496112445,
                "ndcg_cut_10": 0.449387540204288,
                "ndcg_cut_20": 0.5051359246287058,
                "ndcg_cut_100": 0.5895894275755188,
                "map_cut_1": 0.14053699669396377,
                "map_cut_10": 0.30493057249947264,
                "map_cut_100": 0.39185920403737506,
                "num_queries": 302
            }
        },
        "timing": {
          "total_retrieval_time_milliseconds": 99194.41270828247,
          "indexing_time_milliseconds": 86882.43842124939,
          "search_time_milliseconds": 12311.974287033081,
          "num_queries": 302,
          "num_corpus": 1674,
          "indexing_throughput_ms_per_doc": 51.90109822057909,
          "search_throughput_ms_per_query": 40.76812677825524
        },
        "infos": {
          "query_embed_time_ms": 10630.174160003662,
          "scoring_time_ms": 912.4579429626465,
          "total_search_time_ms": 12311.892986297607,
          "retriever_model": "Qwen/Qwen3-Embedding-8B",
          "device": "cuda",
          "batch_size": 1,
          "scoring_batch_size": 8,
          "top_k": 100,
          "num_queries": 302,
          "corpus_size": 1674
        }
    }
}