{
  "dataset": "vidore/vidore_v3_energy",
  "split": "test",
  "language": "english",
  "pipeline_type": null,
  "module_path": "pipeline_implementations/nemotron_embed_vl_v2.py",
  "class_name": "NemotronEmbedVLPipeline",
  "pipeline_args": {
    "batch_size": 32,
    "top_k": 100,
    "modality": "image_text"
  },
  "aggregated_metrics": {
    "overall": {
      "map": 0.49270167687854627,
      "recip_rank": 0.6319446493588701,
      "P_1": 0.4837662337662338,
      "P_5": 0.24415584415584485,
      "P_10": 0.16038961038961091,
      "P_20": 0.10194805194805223,
      "recall_1": 0.27886599615922925,
      "recall_5": 0.5755720760661253,
      "recall_10": 0.6606438591493212,
      "recall_20": 0.752096716338978,
      "recall_50": 0.8685311987714848,
      "recall_100": 0.9163671555439746,
      "ndcg_cut_1": 0.45616883116883117,
      "ndcg_cut_5": 0.5394873013197856,
      "ndcg_cut_10": 0.5651251924972648,
      "ndcg_cut_20": 0.5941024224848385,
      "ndcg_cut_100": 0.6395353799268229,
      "map_cut_1": 0.27886599615922925,
      "map_cut_10": 0.45856715107055224,
      "map_cut_100": 0.49270167687854627
    },
    "by_language": {
      "english": {
        "map": 0.49270167687854627,
        "recip_rank": 0.6319446493588701,
        "P_1": 0.4837662337662338,
        "P_5": 0.24415584415584485,
        "P_10": 0.16038961038961091,
        "P_20": 0.10194805194805223,
        "recall_1": 0.27886599615922925,
        "recall_5": 0.5755720760661253,
        "recall_10": 0.6606438591493212,
        "recall_20": 0.752096716338978,
        "recall_50": 0.8685311987714848,
        "recall_100": 0.9163671555439746,
        "ndcg_cut_1": 0.45616883116883117,
        "ndcg_cut_5": 0.5394873013197856,
        "ndcg_cut_10": 0.5651251924972648,
        "ndcg_cut_20": 0.5941024224848385,
        "ndcg_cut_100": 0.6395353799268229,
        "map_cut_1": 0.27886599615922925,
        "map_cut_10": 0.45856715107055224,
        "map_cut_100": 0.49270167687854627,
        "num_queries": 308
      }
    },
    "timing": {
      "total_retrieval_time_milliseconds": 887152.820110321,
      "indexing_time_milliseconds": 885886.6231441498,
      "search_time_milliseconds": 1266.1969661712646,
      "num_queries": 308,
      "num_corpus": 2225,
      "indexing_throughput_ms_per_doc": 398.1512913007415,
      "search_throughput_ms_per_query": 4.1110291109456645
    },
    "infos": {
      "query_embed_time_ms": 429.03733253479004,
      "retrieve_time_ms": 818.5727596282959,
      "total_search_time_ms": 1266.1795616149902,
      "retriever_model": "nvidia/llama-nemotron-embed-vl-1b-v2",
      "modality": "image_text",
      "device": "cuda",
      "batch_size": 32,
      "retriever_top_k": 100
    }
  }
}