{
  "dataset": "vidore/vidore_v3_pharmaceuticals",
  "split": "test",
  "language": "english",
  "pipeline_type": null,
  "module_path": "pipeline_implementations/nemotron_embed_vl_v2.py",
  "class_name": "NemotronEmbedVLPipeline",
  "pipeline_args": {
    "batch_size": 32,
    "top_k": 100,
    "modality": "image_text"
  },
  "aggregated_metrics": {
    "overall": {
      "map": 0.5698429136849613,
      "recip_rank": 0.7543027554797074,
      "P_1": 0.6373626373626373,
      "P_5": 0.3241758241758253,
      "P_10": 0.22417582417582427,
      "P_20": 0.14560439560439523,
      "recall_1": 0.31821789032247216,
      "recall_5": 0.5759755094825076,
      "recall_10": 0.6764455345069963,
      "recall_20": 0.7706109821009166,
      "recall_50": 0.8644750516681908,
      "recall_100": 0.9134008900789785,
      "ndcg_cut_1": 0.6126373626373627,
      "ndcg_cut_5": 0.620642826108431,
      "ndcg_cut_10": 0.6388651604721349,
      "ndcg_cut_20": 0.6697885997243757,
      "ndcg_cut_100": 0.7169986028612471,
      "map_cut_1": 0.31821789032247216,
      "map_cut_10": 0.5207784311496727,
      "map_cut_100": 0.5698429136849613
    },
    "by_language": {
      "english": {
        "map": 0.5698429136849613,
        "recip_rank": 0.7543027554797074,
        "P_1": 0.6373626373626373,
        "P_5": 0.3241758241758253,
        "P_10": 0.22417582417582427,
        "P_20": 0.14560439560439523,
        "recall_1": 0.31821789032247216,
        "recall_5": 0.5759755094825076,
        "recall_10": 0.6764455345069963,
        "recall_20": 0.7706109821009166,
        "recall_50": 0.8644750516681908,
        "recall_100": 0.9134008900789785,
        "ndcg_cut_1": 0.6126373626373627,
        "ndcg_cut_5": 0.620642826108431,
        "ndcg_cut_10": 0.6388651604721349,
        "ndcg_cut_20": 0.6697885997243757,
        "ndcg_cut_100": 0.7169986028612471,
        "map_cut_1": 0.31821789032247216,
        "map_cut_10": 0.5207784311496727,
        "map_cut_100": 0.5698429136849613,
        "num_queries": 364
      }
    },
    "timing": {
      "total_retrieval_time_milliseconds": 381441.22767448425,
      "indexing_time_milliseconds": 380012.433052063,
      "search_time_milliseconds": 1428.7946224212646,
      "num_queries": 364,
      "num_corpus": 2313,
      "indexing_throughput_ms_per_doc": 164.29417771381884,
      "search_throughput_ms_per_query": 3.925259951706771
    },
    "infos": {
      "query_embed_time_ms": 421.7853546142578,
      "retrieve_time_ms": 1006.8504810333252,
      "total_search_time_ms": 1428.7779331207275,
      "retriever_model": "nvidia/llama-nemotron-embed-vl-1b-v2",
      "modality": "image_text",
      "device": "cuda",
      "batch_size": 32,
      "retriever_top_k": 100
    }
  }
}