{
  "dataset": "vidore/vidore_v3_computer_science",
  "split": "test",
  "language": "english",
  "pipeline_type": null,
  "module_path": "pipeline_implementations/nemotron_embed_vl_v2.py",
  "class_name": "NemotronEmbedVLPipeline",
  "pipeline_args": {
    "batch_size": 32,
    "top_k": 100,
    "modality": "image_text"
  },
  "aggregated_metrics": {
    "overall": {
      "map": 0.6722653582573745,
      "recip_rank": 0.8841854846073341,
      "P_1": 0.813953488372093,
      "P_5": 0.46139534883720973,
      "P_10": 0.30511627906976774,
      "P_20": 0.18860465116279065,
      "recall_1": 0.3060687632780659,
      "recall_5": 0.6288742265486453,
      "recall_10": 0.7535539912284099,
      "recall_20": 0.8524109998528605,
      "recall_50": 0.9334781110362506,
      "recall_100": 0.9664093012930223,
      "ndcg_cut_1": 0.7534883720930232,
      "ndcg_cut_5": 0.7193745396996348,
      "ndcg_cut_10": 0.7391310201350642,
      "ndcg_cut_20": 0.7740091231138735,
      "ndcg_cut_100": 0.81191773033977,
      "map_cut_1": 0.3060687632780659,
      "map_cut_10": 0.6160550041402748,
      "map_cut_100": 0.6722653582573745
    },
    "by_language": {
      "english": {
        "map": 0.6722653582573745,
        "recip_rank": 0.8841854846073341,
        "P_1": 0.813953488372093,
        "P_5": 0.46139534883720973,
        "P_10": 0.30511627906976774,
        "P_20": 0.18860465116279065,
        "recall_1": 0.3060687632780659,
        "recall_5": 0.6288742265486453,
        "recall_10": 0.7535539912284099,
        "recall_20": 0.8524109998528605,
        "recall_50": 0.9334781110362506,
        "recall_100": 0.9664093012930223,
        "ndcg_cut_1": 0.7534883720930232,
        "ndcg_cut_5": 0.7193745396996348,
        "ndcg_cut_10": 0.7391310201350642,
        "ndcg_cut_20": 0.7740091231138735,
        "ndcg_cut_100": 0.81191773033977,
        "map_cut_1": 0.3060687632780659,
        "map_cut_10": 0.6160550041402748,
        "map_cut_100": 0.6722653582573745,
        "num_queries": 215
      }
    },
    "timing": {
      "total_retrieval_time_milliseconds": 282202.5866508484,
      "indexing_time_milliseconds": 281500.7133483887,
      "search_time_milliseconds": 701.8733024597168,
      "num_queries": 215,
      "num_corpus": 1360,
      "indexing_throughput_ms_per_doc": 206.9858186385211,
      "search_throughput_ms_per_query": 3.264526988184729
    },
    "infos": {
      "query_embed_time_ms": 313.98582458496094,
      "retrieve_time_ms": 365.7522201538086,
      "total_search_time_ms": 701.8558979034424,
      "retriever_model": "nvidia/llama-nemotron-embed-vl-1b-v2",
      "modality": "image_text",
      "device": "cuda",
      "batch_size": 32,
      "retriever_top_k": 100
    }
  }
}