{
    "split": "test",
    "language": null,
    "pipeline_args": null,
    "info": "Those results were computed using MTEB's evaluation framework.",
    "aggregated_metrics": {
        "overall": {
            "map": 0.6494342591188312,
            "recip_rank": 0.7712794089576276,
            "P_1": 0.672077922077922,
            "P_5": 0.2967532467532477,
            "P_10": 0.19642857142857206,
            "P_20": 0.12321428571428589,
            "recall_1": 0.40040394780801825,
            "recall_5": 0.6893274449848531,
            "recall_10": 0.7737555929653271,
            "recall_20": 0.8535403000444026,
            "recall_50": 0.9237386570929587,
            "recall_100": 0.9363848482865701,
            "ndcg_cut_1": 0.6412337662337663,
            "ndcg_cut_5": 0.6857745177056723,
            "ndcg_cut_10": 0.711745276973729,
            "ndcg_cut_20": 0.7353676704188264,
            "ndcg_cut_100": 0.7607499999328359,
            "map_cut_1": 0.40040394780801825,
            "map_cut_10": 0.6142953858412301,
            "map_cut_100": 0.6494342591188312,
            "num_queries": 308
        },
        "by_language": {
            "english": {
                "map": 0.6494342591188312,
                "recip_rank": 0.7712794089576276,
                "P_1": 0.672077922077922,
                "P_5": 0.2967532467532477,
                "P_10": 0.19642857142857206,
                "P_20": 0.12321428571428589,
                "recall_1": 0.40040394780801825,
                "recall_5": 0.6893274449848531,
                "recall_10": 0.7737555929653271,
                "recall_20": 0.8535403000444026,
                "recall_50": 0.9237386570929587,
                "recall_100": 0.9363848482865701,
                "ndcg_cut_1": 0.6412337662337663,
                "ndcg_cut_5": 0.6857745177056723,
                "ndcg_cut_10": 0.711745276973729,
                "ndcg_cut_20": 0.7353676704188264,
                "ndcg_cut_100": 0.7607499999328359,
                "map_cut_1": 0.40040394780801825,
                "map_cut_10": 0.6142953858412301,
                "map_cut_100": 0.6494342591188312,
                "num_queries": 308
            }
        },
        "timing": {
            "total_retrieval_time_milliseconds": 3008496.802330017,
            "indexing_time_milliseconds": 321016.7260169983,
            "search_time_milliseconds": 2687480.076313019,
            "num_queries": 308,
            "num_corpus": 2225,
            "indexing_throughput_ms_per_doc": 144.27718023235877,
            "search_throughput_ms_per_query": 8725.584663353957
        },
        "infos": {
            "query_embed_time_ms": 42171.32258415222,
            "similarity_time_ms": 22864.593267440796,
            "rerank_time_ms": 2622444.160461426,
            "total_search_time_ms": 2687480.076313019,
            "retriever_model": "jinaai/jina-embeddings-v4",
            "reranker_model": "zeroentropy/zerank-2",
            "device": "cuda",
            "batch_size": 8,
            "scoring_batch_size": 128,
            "rerank_batch_size": 1,
            "retriever_top_k": 100,
            "final_top_k": 100,
            "num_queries": 308,
            "corpus_size": 2225
        }
    }
}