{
    "split": "test",
    "language": null,
    "pipeline_args": null,
    "info": "Those results were computed using MTEB's evaluation framework.",
    "aggregated_metrics": {
        "overall": {
            "map": 0.67593610955729,
            "recip_rank": 0.842670674104265,
            "P_1": 0.7637540453074434,
            "P_5": 0.42588996763754117,
            "P_10": 0.27864077669902915,
            "P_20": 0.16763754045307427,
            "recall_1": 0.35121343384095494,
            "recall_5": 0.670453900247702,
            "recall_10": 0.777043237493206,
            "recall_20": 0.8481559953333979,
            "recall_50": 0.8974242207651686,
            "recall_100": 0.9063840342980832,
            "ndcg_cut_1": 0.7119741100323624,
            "ndcg_cut_5": 0.7242784878073926,
            "ndcg_cut_10": 0.7423742367048455,
            "ndcg_cut_20": 0.7638476410860398,
            "ndcg_cut_100": 0.7845715662452917,
            "map_cut_1": 0.35121343384095494,
            "map_cut_10": 0.6413653096472367,
            "map_cut_100": 0.67593610955729,
            "num_queries": 309
        },
        "by_language": {
            "english": {
                "map": 0.67593610955729,
                "recip_rank": 0.842670674104265,
                "P_1": 0.7637540453074434,
                "P_5": 0.42588996763754117,
                "P_10": 0.27864077669902915,
                "P_20": 0.16763754045307427,
                "recall_1": 0.35121343384095494,
                "recall_5": 0.670453900247702,
                "recall_10": 0.777043237493206,
                "recall_20": 0.8481559953333979,
                "recall_50": 0.8974242207651686,
                "recall_100": 0.9063840342980832,
                "ndcg_cut_1": 0.7119741100323624,
                "ndcg_cut_5": 0.7242784878073926,
                "ndcg_cut_10": 0.7423742367048455,
                "ndcg_cut_20": 0.7638476410860398,
                "ndcg_cut_100": 0.7845715662452917,
                "map_cut_1": 0.35121343384095494,
                "map_cut_10": 0.6413653096472367,
                "map_cut_100": 0.67593610955729,
                "num_queries": 309
            }
        },
        "timing": {
            "total_retrieval_time_milliseconds": 3446769.1694259644,
            "indexing_time_milliseconds": 426733.8547706604,
            "search_time_milliseconds": 3020035.314655304,
            "num_queries": 309,
            "num_corpus": 2942,
            "indexing_throughput_ms_per_doc": 145.0488969308839,
            "search_throughput_ms_per_query": 9773.57707008189
        },
        "infos": {
            "query_embed_time_ms": 42333.67347717285,
            "similarity_time_ms": 30208.786725997925,
            "rerank_time_ms": 2947492.854452133,
            "total_search_time_ms": 3020035.314655304,
            "retriever_model": "jinaai/jina-embeddings-v4",
            "reranker_model": "zeroentropy/zerank-2",
            "device": "cuda",
            "batch_size": 8,
            "scoring_batch_size": 128,
            "rerank_batch_size": 1,
            "retriever_top_k": 100,
            "final_top_k": 100,
            "num_queries": 309,
            "corpus_size": 2942
        }
    }
}