{
  "dataset": "vidore/vidore_v3_physics",
  "split": "test",
  "language": "english",
  "pipeline_type": null,
  "module_path": "pipeline_implementations/nemotron_embed_and_rerank_vl_v2.py",
  "class_name": "NemotronEmbedRerankVLPipeline",
  "pipeline_args": {
    "batch_size": 32,
    "ranker_batch_size": 25,
    "top_k": 25,
    "modality": "image"
  },
  "aggregated_metrics": {
    "overall": {
      "map": 0.33430014690993065,
      "recip_rank": 0.582394660737058,
      "P_1": 0.4271523178807947,
      "P_5": 0.282119205298014,
      "P_10": 0.22052980132450353,
      "P_20": 0.15927152317880783,
      "recall_1": 0.13832748183149537,
      "recall_5": 0.36183902951092073,
      "recall_10": 0.46349722842154073,
      "recall_20": 0.5938340127377015,
      "recall_50": 0.6234714082755171,
      "recall_100": 0.6234714082755171,
      "ndcg_cut_1": 0.40066225165562913,
      "ndcg_cut_5": 0.4195312169974068,
      "ndcg_cut_10": 0.4391266499191032,
      "ndcg_cut_20": 0.4772551673918829,
      "ndcg_cut_100": 0.487832666821483,
      "map_cut_1": 0.13832748183149537,
      "map_cut_10": 0.29342672796191166,
      "map_cut_100": 0.33430014690993065
    },
    "by_language": {
      "english": {
        "map": 0.33430014690993065,
        "recip_rank": 0.582394660737058,
        "P_1": 0.4271523178807947,
        "P_5": 0.282119205298014,
        "P_10": 0.22052980132450353,
        "P_20": 0.15927152317880783,
        "recall_1": 0.13832748183149537,
        "recall_5": 0.36183902951092073,
        "recall_10": 0.46349722842154073,
        "recall_20": 0.5938340127377015,
        "recall_50": 0.6234714082755171,
        "recall_100": 0.6234714082755171,
        "ndcg_cut_1": 0.40066225165562913,
        "ndcg_cut_5": 0.4195312169974068,
        "ndcg_cut_10": 0.4391266499191032,
        "ndcg_cut_20": 0.4772551673918829,
        "ndcg_cut_100": 0.487832666821483,
        "map_cut_1": 0.13832748183149537,
        "map_cut_10": 0.29342672796191166,
        "map_cut_100": 0.33430014690993065,
        "num_queries": 302
      }
    },
    "timing": {
      "total_retrieval_time_milliseconds": 1864627.5277137756,
      "indexing_time_milliseconds": 295649.8246192932,
      "search_time_milliseconds": 1568977.7030944824,
      "num_queries": 302,
      "num_corpus": 1674,
      "indexing_throughput_ms_per_doc": 176.61279845835915,
      "search_throughput_ms_per_query": 5195.290407597624
    },
    "infos": {
      "query_embed_time_ms": 317.0199394226074,
      "retrieval_time_ms": 569.1020488739014,
      "rerank_time_ms": 1568091.346502304,
      "total_search_time_ms": 1568977.4851799011,
      "retriever_model": "nvidia/llama-nemotron-embed-vl-1b-v2",
      "reranker_model": "nvidia/llama-nemotron-rerank-vl-1b-v2",
      "modality": "image",
      "device": "cuda",
      "embedding_batch_size": 32,
      "rerank_batch_size": 25,
      "retriever_top_k": 25
    }
  }
}