{
  "dataset": "vidore/vidore_v3_energy",
  "split": "test",
  "language": "english",
  "pipeline_type": null,
  "module_path": "pipeline_implementations/nemotron_embed_and_rerank_vl_v2.py",
  "class_name": "NemotronEmbedRerankVLPipeline",
  "pipeline_args": {
    "batch_size": 32,
    "ranker_batch_size": 25,
    "top_k": 25,
    "modality": "image"
  },
  "aggregated_metrics": {
    "overall": {
      "map": 0.47113432398179456,
      "recip_rank": 0.6289066209234276,
      "P_1": 0.512987012987013,
      "P_5": 0.23636363636363694,
      "P_10": 0.1548701298701303,
      "P_20": 0.09496753246753271,
      "recall_1": 0.2978802340858049,
      "recall_5": 0.5477217007594737,
      "recall_10": 0.6428350635503024,
      "recall_20": 0.7012430773188655,
      "recall_50": 0.7098830372127194,
      "recall_100": 0.7098830372127194,
      "ndcg_cut_1": 0.48863636363636365,
      "ndcg_cut_5": 0.532760411643994,
      "ndcg_cut_10": 0.5606424866675023,
      "ndcg_cut_20": 0.5783891464831394,
      "ndcg_cut_100": 0.581198858852964,
      "map_cut_1": 0.2978802340858049,
      "map_cut_10": 0.4555257517909223,
      "map_cut_100": 0.47113432398179456
    },
    "by_language": {
      "english": {
        "map": 0.47113432398179456,
        "recip_rank": 0.6289066209234276,
        "P_1": 0.512987012987013,
        "P_5": 0.23636363636363694,
        "P_10": 0.1548701298701303,
        "P_20": 0.09496753246753271,
        "recall_1": 0.2978802340858049,
        "recall_5": 0.5477217007594737,
        "recall_10": 0.6428350635503024,
        "recall_20": 0.7012430773188655,
        "recall_50": 0.7098830372127194,
        "recall_100": 0.7098830372127194,
        "ndcg_cut_1": 0.48863636363636365,
        "ndcg_cut_5": 0.532760411643994,
        "ndcg_cut_10": 0.5606424866675023,
        "ndcg_cut_20": 0.5783891464831394,
        "ndcg_cut_100": 0.581198858852964,
        "map_cut_1": 0.2978802340858049,
        "map_cut_10": 0.4555257517909223,
        "map_cut_100": 0.47113432398179456,
        "num_queries": 308
      }
    },
    "timing": {
      "total_retrieval_time_milliseconds": 2339321.9046592712,
      "indexing_time_milliseconds": 495267.1763896942,
      "search_time_milliseconds": 1844054.728269577,
      "num_queries": 308,
      "num_corpus": 2225,
      "indexing_throughput_ms_per_doc": 222.59198938862662,
      "search_throughput_ms_per_query": 5987.190676199925
    },
    "infos": {
      "query_embed_time_ms": 329.53667640686035,
      "retrieval_time_ms": 756.4795017242432,
      "rerank_time_ms": 1842968.458890915,
      "total_search_time_ms": 1844054.4888973236,
      "retriever_model": "nvidia/llama-nemotron-embed-vl-1b-v2",
      "reranker_model": "nvidia/llama-nemotron-rerank-vl-1b-v2",
      "modality": "image",
      "device": "cuda",
      "embedding_batch_size": 32,
      "rerank_batch_size": 25,
      "retriever_top_k": 25
    }
  }
}