{
  "dataset": "vidore/vidore_v3_finance_en",
  "split": "test",
  "language": "english",
  "pipeline_type": null,
  "module_path": "pipeline_implementations/nemotron_embed_and_rerank_vl_v2.py",
  "class_name": "NemotronEmbedRerankVLPipeline",
  "pipeline_args": {
    "batch_size": 32,
    "ranker_batch_size": 25,
    "top_k": 25,
    "modality": "image"
  },
  "aggregated_metrics": {
    "overall": {
      "map": 0.5806003587520943,
      "recip_rank": 0.796465813941542,
      "P_1": 0.6925566343042071,
      "P_5": 0.36957928802589074,
      "P_10": 0.24336569579288037,
      "P_20": 0.14029126213592236,
      "recall_1": 0.32013728403077363,
      "recall_5": 0.6086834434225398,
      "recall_10": 0.7148305956242024,
      "recall_20": 0.7659664610184618,
      "recall_50": 0.7742897540504925,
      "recall_100": 0.7742897540504925,
      "ndcg_cut_1": 0.6553398058252428,
      "ndcg_cut_5": 0.6591294721764128,
      "ndcg_cut_10": 0.6787450864985989,
      "ndcg_cut_20": 0.6936056872878837,
      "ndcg_cut_100": 0.6968185346604422,
      "map_cut_1": 0.32013728403077363,
      "map_cut_10": 0.5623061864263009,
      "map_cut_100": 0.5806003587520943
    },
    "by_language": {
      "english": {
        "map": 0.5806003587520943,
        "recip_rank": 0.796465813941542,
        "P_1": 0.6925566343042071,
        "P_5": 0.36957928802589074,
        "P_10": 0.24336569579288037,
        "P_20": 0.14029126213592236,
        "recall_1": 0.32013728403077363,
        "recall_5": 0.6086834434225398,
        "recall_10": 0.7148305956242024,
        "recall_20": 0.7659664610184618,
        "recall_50": 0.7742897540504925,
        "recall_100": 0.7742897540504925,
        "ndcg_cut_1": 0.6553398058252428,
        "ndcg_cut_5": 0.6591294721764128,
        "ndcg_cut_10": 0.6787450864985989,
        "ndcg_cut_20": 0.6936056872878837,
        "ndcg_cut_100": 0.6968185346604422,
        "map_cut_1": 0.32013728403077363,
        "map_cut_10": 0.5623061864263009,
        "map_cut_100": 0.5806003587520943,
        "num_queries": 309
      }
    },
    "timing": {
      "total_retrieval_time_milliseconds": 2206288.5813713074,
      "indexing_time_milliseconds": 552799.9572753906,
      "search_time_milliseconds": 1653488.6240959167,
      "num_queries": 309,
      "num_corpus": 2942,
      "indexing_throughput_ms_per_doc": 187.8993736490111,
      "search_throughput_ms_per_query": 5351.095870860572
    },
    "infos": {
      "query_embed_time_ms": 461.70806884765625,
      "retrieval_time_ms": 1040.5633449554443,
      "rerank_time_ms": 1651986.065864563,
      "total_search_time_ms": 1653488.3613586426,
      "retriever_model": "nvidia/llama-nemotron-embed-vl-1b-v2",
      "reranker_model": "nvidia/llama-nemotron-rerank-vl-1b-v2",
      "modality": "image",
      "device": "cuda",
      "embedding_batch_size": 32,
      "rerank_batch_size": 25,
      "retriever_top_k": 25
    }
  }
}