{
  "dataset": "vidore/vidore_v3_hr",
  "split": "test",
  "language": "english",
  "pipeline_type": null,
  "module_path": "pipeline_implementations/nemotron_embed_and_rerank_vl_v2.py",
  "class_name": "NemotronEmbedRerankVLPipeline",
  "pipeline_args": {
    "batch_size": 32,
    "ranker_batch_size": 25,
    "top_k": 25,
    "modality": "image"
  },
  "aggregated_metrics": {
    "overall": {
      "map": 0.5325982780205394,
      "recip_rank": 0.773715400602193,
      "P_1": 0.6635220125786163,
      "P_5": 0.36163522012578725,
      "P_10": 0.25628930817610085,
      "P_20": 0.16179245283018848,
      "recall_1": 0.27278083762399435,
      "recall_5": 0.5509815507896079,
      "recall_10": 0.6707035541914376,
      "recall_20": 0.7536135149453336,
      "recall_50": 0.7657151022532453,
      "recall_100": 0.7657151022532453,
      "ndcg_cut_1": 0.6305031446540881,
      "ndcg_cut_5": 0.622966757426881,
      "ndcg_cut_10": 0.6450112294824111,
      "ndcg_cut_20": 0.663570998552946,
      "ndcg_cut_100": 0.6670742355683578,
      "map_cut_1": 0.27278083762399435,
      "map_cut_10": 0.5017529779031293,
      "map_cut_100": 0.5325982780205394
    },
    "by_language": {
      "english": {
        "map": 0.5325982780205394,
        "recip_rank": 0.773715400602193,
        "P_1": 0.6635220125786163,
        "P_5": 0.36163522012578725,
        "P_10": 0.25628930817610085,
        "P_20": 0.16179245283018848,
        "recall_1": 0.27278083762399435,
        "recall_5": 0.5509815507896079,
        "recall_10": 0.6707035541914376,
        "recall_20": 0.7536135149453336,
        "recall_50": 0.7657151022532453,
        "recall_100": 0.7657151022532453,
        "ndcg_cut_1": 0.6305031446540881,
        "ndcg_cut_5": 0.622966757426881,
        "ndcg_cut_10": 0.6450112294824111,
        "ndcg_cut_20": 0.663570998552946,
        "ndcg_cut_100": 0.6670742355683578,
        "map_cut_1": 0.27278083762399435,
        "map_cut_10": 0.5017529779031293,
        "map_cut_100": 0.5325982780205394,
        "num_queries": 318
      }
    },
    "timing": {
      "total_retrieval_time_milliseconds": 1865447.7853775024,
      "indexing_time_milliseconds": 200883.96978378296,
      "search_time_milliseconds": 1664563.8155937195,
      "num_queries": 318,
      "num_corpus": 1110,
      "indexing_throughput_ms_per_doc": 180.9765493547594,
      "search_throughput_ms_per_query": 5234.47740752742
    },
    "infos": {
      "query_embed_time_ms": 331.1896324157715,
      "retrieval_time_ms": 405.96723556518555,
      "rerank_time_ms": 1663826.4439105988,
      "total_search_time_ms": 1664563.6150836945,
      "retriever_model": "nvidia/llama-nemotron-embed-vl-1b-v2",
      "reranker_model": "nvidia/llama-nemotron-rerank-vl-1b-v2",
      "modality": "image",
      "device": "cuda",
      "embedding_batch_size": 32,
      "rerank_batch_size": 25,
      "retriever_top_k": 25
    }
  }
}