{
  "dataset": "vidore/vidore_v3_industrial",
  "split": "test",
  "language": "english",
  "pipeline_type": null,
  "module_path": "pipeline_implementations/nemotron_embed_and_rerank_vl_v2.py",
  "class_name": "NemotronEmbedRerankVLPipeline",
  "pipeline_args": {
    "batch_size": 32,
    "ranker_batch_size": 25,
    "top_k": 25,
    "modality": "image"
  },
  "aggregated_metrics": {
    "overall": {
      "map": 0.45121093240303023,
      "recip_rank": 0.6542871352235035,
      "P_1": 0.5618374558303887,
      "P_5": 0.25724381625441733,
      "P_10": 0.17455830388692611,
      "P_20": 0.10954063604240305,
      "recall_1": 0.2902439188216574,
      "recall_5": 0.4695448097867147,
      "recall_10": 0.5491372117794536,
      "recall_20": 0.6101751908602105,
      "recall_50": 0.6225797261177186,
      "recall_100": 0.6225797261177186,
      "ndcg_cut_1": 0.5459363957597173,
      "ndcg_cut_5": 0.5267741877908705,
      "ndcg_cut_10": 0.5381516477162716,
      "ndcg_cut_20": 0.5537582350765603,
      "ndcg_cut_100": 0.5573449853508011,
      "map_cut_1": 0.2902439188216574,
      "map_cut_10": 0.43419984736664724,
      "map_cut_100": 0.45121093240303023
    },
    "by_language": {
      "english": {
        "map": 0.45121093240303023,
        "recip_rank": 0.6542871352235035,
        "P_1": 0.5618374558303887,
        "P_5": 0.25724381625441733,
        "P_10": 0.17455830388692611,
        "P_20": 0.10954063604240305,
        "recall_1": 0.2902439188216574,
        "recall_5": 0.4695448097867147,
        "recall_10": 0.5491372117794536,
        "recall_20": 0.6101751908602105,
        "recall_50": 0.6225797261177186,
        "recall_100": 0.6225797261177186,
        "ndcg_cut_1": 0.5459363957597173,
        "ndcg_cut_5": 0.5267741877908705,
        "ndcg_cut_10": 0.5381516477162716,
        "ndcg_cut_20": 0.5537582350765603,
        "ndcg_cut_100": 0.5573449853508011,
        "map_cut_1": 0.2902439188216574,
        "map_cut_10": 0.43419984736664724,
        "map_cut_100": 0.45121093240303023,
        "num_queries": 283
      }
    },
    "timing": {
      "total_retrieval_time_milliseconds": 2390711.552143097,
      "indexing_time_milliseconds": 1017495.2039718628,
      "search_time_milliseconds": 1373216.3481712341,
      "num_queries": 283,
      "num_corpus": 5244,
      "indexing_throughput_ms_per_doc": 194.03035926236896,
      "search_throughput_ms_per_query": 4852.354587177506
    },
    "infos": {
      "query_embed_time_ms": 318.9518451690674,
      "retrieval_time_ms": 1628.957986831665,
      "rerank_time_ms": 1371268.1021690369,
      "total_search_time_ms": 1373216.0267829895,
      "retriever_model": "nvidia/llama-nemotron-embed-vl-1b-v2",
      "reranker_model": "nvidia/llama-nemotron-rerank-vl-1b-v2",
      "modality": "image",
      "device": "cuda",
      "embedding_batch_size": 32,
      "rerank_batch_size": 25,
      "retriever_top_k": 25
    }
  }
}