{
  "dataset": "vidore/vidore_v3_computer_science",
  "split": "test",
  "language": "english",
  "pipeline_type": null,
  "module_path": "pipeline_implementations/nemotron_embed_and_rerank_vl_v2.py",
  "class_name": "NemotronEmbedRerankVLPipeline",
  "pipeline_args": {
    "batch_size": 32,
    "ranker_batch_size": 25,
    "top_k": 25,
    "modality": "image"
  },
  "aggregated_metrics": {
    "overall": {
      "map": 0.6693051570771357,
      "recip_rank": 0.8988372093023256,
      "P_1": 0.8418604651162791,
      "P_5": 0.4753488372093026,
      "P_10": 0.3158139534883723,
      "P_20": 0.1874418604651162,
      "recall_1": 0.3145716170134778,
      "recall_5": 0.6531571916455634,
      "recall_10": 0.7721041490808933,
      "recall_20": 0.8419680319680323,
      "recall_50": 0.8510805860805863,
      "recall_100": 0.8510805860805863,
      "ndcg_cut_1": 0.7906976744186046,
      "ndcg_cut_5": 0.7437551904629633,
      "ndcg_cut_10": 0.7594663593732637,
      "ndcg_cut_20": 0.7840059207724077,
      "ndcg_cut_100": 0.7879841034676536,
      "map_cut_1": 0.3145716170134778,
      "map_cut_10": 0.6376602008180077,
      "map_cut_100": 0.6693051570771357
    },
    "by_language": {
      "english": {
        "map": 0.6693051570771357,
        "recip_rank": 0.8988372093023256,
        "P_1": 0.8418604651162791,
        "P_5": 0.4753488372093026,
        "P_10": 0.3158139534883723,
        "P_20": 0.1874418604651162,
        "recall_1": 0.3145716170134778,
        "recall_5": 0.6531571916455634,
        "recall_10": 0.7721041490808933,
        "recall_20": 0.8419680319680323,
        "recall_50": 0.8510805860805863,
        "recall_100": 0.8510805860805863,
        "ndcg_cut_1": 0.7906976744186046,
        "ndcg_cut_5": 0.7437551904629633,
        "ndcg_cut_10": 0.7594663593732637,
        "ndcg_cut_20": 0.7840059207724077,
        "ndcg_cut_100": 0.7879841034676536,
        "map_cut_1": 0.3145716170134778,
        "map_cut_10": 0.6376602008180077,
        "map_cut_100": 0.6693051570771357,
        "num_queries": 215
      }
    },
    "timing": {
      "total_retrieval_time_milliseconds": 1302889.4500732422,
      "indexing_time_milliseconds": 272466.4661884308,
      "search_time_milliseconds": 1030422.9838848114,
      "num_queries": 215,
      "num_corpus": 1360,
      "indexing_throughput_ms_per_doc": 200.3429898444344,
      "search_throughput_ms_per_query": 4792.665041324704
    },
    "infos": {
      "query_embed_time_ms": 319.32544708251953,
      "retrieval_time_ms": 349.75743293762207,
      "rerank_time_ms": 1029753.687620163,
      "total_search_time_ms": 1030422.7826595306,
      "retriever_model": "nvidia/llama-nemotron-embed-vl-1b-v2",
      "reranker_model": "nvidia/llama-nemotron-rerank-vl-1b-v2",
      "modality": "image",
      "device": "cuda",
      "embedding_batch_size": 32,
      "rerank_batch_size": 25,
      "retriever_top_k": 25
    }
  }
}