{
  "dataset": "vidore/vidore_v3_finance_fr",
  "split": "test",
  "language": "english",
  "pipeline_type": null,
  "module_path": "pipeline_implementations/nemotron_embed_and_rerank_vl_v2.py",
  "class_name": "NemotronEmbedRerankVLPipeline",
  "pipeline_args": {
    "batch_size": 32,
    "ranker_batch_size": 25,
    "top_k": 25,
    "modality": "image"
  },
  "aggregated_metrics": {
    "overall": {
      "map": 0.2553184034504682,
      "recip_rank": 0.42518955965828564,
      "P_1": 0.290625,
      "P_5": 0.17250000000000032,
      "P_10": 0.12406250000000038,
      "P_20": 0.07890625000000023,
      "recall_1": 0.12999129753185865,
      "recall_5": 0.3100165946918066,
      "recall_10": 0.40445113028703117,
      "recall_20": 0.4711433484704181,
      "recall_50": 0.4782515961255408,
      "recall_100": 0.4782515961255408,
      "ndcg_cut_1": 0.275,
      "ndcg_cut_5": 0.30554367394165804,
      "ndcg_cut_10": 0.33377772070415235,
      "ndcg_cut_20": 0.35713759189307,
      "ndcg_cut_100": 0.35970288100202663,
      "map_cut_1": 0.12999129753185865,
      "map_cut_10": 0.2431036384474386,
      "map_cut_100": 0.2553184034504682
    },
    "by_language": {
      "english": {
        "map": 0.2553184034504682,
        "recip_rank": 0.42518955965828564,
        "P_1": 0.290625,
        "P_5": 0.17250000000000032,
        "P_10": 0.12406250000000038,
        "P_20": 0.07890625000000023,
        "recall_1": 0.12999129753185865,
        "recall_5": 0.3100165946918066,
        "recall_10": 0.40445113028703117,
        "recall_20": 0.4711433484704181,
        "recall_50": 0.4782515961255408,
        "recall_100": 0.4782515961255408,
        "ndcg_cut_1": 0.275,
        "ndcg_cut_5": 0.30554367394165804,
        "ndcg_cut_10": 0.33377772070415235,
        "ndcg_cut_20": 0.35713759189307,
        "ndcg_cut_100": 0.35970288100202663,
        "map_cut_1": 0.12999129753185865,
        "map_cut_10": 0.2431036384474386,
        "map_cut_100": 0.2553184034504682,
        "num_queries": 320
      }
    },
    "timing": {
      "total_retrieval_time_milliseconds": 1901972.853899002,
      "indexing_time_milliseconds": 475479.94208335876,
      "search_time_milliseconds": 1426492.9118156433,
      "num_queries": 320,
      "num_corpus": 2384,
      "indexing_throughput_ms_per_doc": 199.44628443093907,
      "search_throughput_ms_per_query": 4457.790349423885
    },
    "infos": {
      "query_embed_time_ms": 339.2369747161865,
      "retrieval_time_ms": 851.2458801269531,
      "rerank_time_ms": 1425302.170753479,
      "total_search_time_ms": 1426492.666721344,
      "retriever_model": "nvidia/llama-nemotron-embed-vl-1b-v2",
      "reranker_model": "nvidia/llama-nemotron-rerank-vl-1b-v2",
      "modality": "image",
      "device": "cuda",
      "embedding_batch_size": 32,
      "rerank_batch_size": 25,
      "retriever_top_k": 25
    }
  }
}